{
  "#map": {
    "background-color": "#000000",
    "filter": null,
    "data-filter": null
  },
  "#armies": {
    "font-size": 6,
    "box-size": 3,
    "stroke": "#000",
    "stroke-width": 0.3,
    "fill-opacity": 1,
    "filter": null
  },
  "#biomes": {
    "opacity": 0.5,
    "filter": "url(#blur10)",
    "mask": "url(#land)"
  },
  "#stateBorders": {
    "opacity": 0.8,
    "stroke": "#000000",
    "stroke-width": 1.64,
    "stroke-dasharray": 0,
    "stroke-linecap": "butt",
    "filter": "url(#turbulence)"
  },
  "#provinceBorders": {
    "opacity": 0.54,
    "stroke": "#343442",
    "stroke-width": 1.1,
    "stroke-dasharray": 0,
    "stroke-linecap": "butt",
    "filter": "url(#turbulence)"
  },
  "#cells": {
    "opacity": null,
    "stroke": "#808080",
    "stroke-width": 0.83,
    "filter": "",
    "mask": "url(#land)"
  },
  "#gridOverlay": {
    "opacity": 0.8,
    "scale": 1,
    "dx": 0,
    "dy": 0,
    "type": "pointyHex",
    "stroke": "#808080",
    "stroke-width": 0.5,
    "stroke-dasharray": null,
    "stroke-linecap": null,
    "transform": null,
    "filter": null,
    "mask": null
  },
  "#coordinates": {
    "opacity": 1,
    "data-size": 15.97,
    "font-size": 15.97,
    "stroke": "#cabe59",
    "stroke-width": 1.7,
    "stroke-dasharray": 5,
    "stroke-linecap": "butt",
    "filter": "url(#dropShadow05)",
    "mask": null
  },
  "#compass": {
    "opacity": 0.8,
    "transform": null,
    "filter": null,
    "mask": "url(#water)",
    "shape-rendering": "optimizespeed"
  },
  "#rose": {
    "transform": "translate(80 80) scale(0.25)"
  },
  "#relig": {
    "opacity": 0.7,
    "stroke": "#404040",
    "stroke-width": 0.7,
    "filter": null
  },
  "#cults": {
    "opacity": 1,
    "stroke": "#777777",
    "stroke-width": 1.59,
    "stroke-dasharray": null,
    "stroke-linecap": null,
    "filter": "url(#dropShadow)"
  },
  "#landmass": {
    "opacity": 1,
    "fill": "#eef6fb",
    "filter": null
  },
  "#markers": {
    "opacity": null,
    "rescale": null,
    "filter": "url(#dropShadow01)"
  },
  "#prec": {
    "opacity": null,
    "stroke": "#000000",
    "stroke-width": 0.1,
    "fill": "#003dff",
    "filter": null
  },
  "#population": {
    "opacity": null,
    "stroke-width": 1.6,
    "stroke-dasharray": null,
    "stroke-linecap": "butt",
    "filter": null
  },
  "#rural": {
    "stroke": "#0000ff"
  },
  "#urban": {
    "stroke": "#ff0000"
  },
  "#freshwater": {
    "opacity": 1,
    "fill": "#201e29",
    "stroke": "#000000",
    "stroke-width": 1.72,
    "filter": "url(#dropShadow05)"
  },
  "#salt": {
    "opacity": 1,
    "fill": "#2c2b35",
    "stroke": "#000000",
    "stroke-width": 3.54,
    "filter": "url(#dropShadow05)"
  },
  "#sinkhole": {
    "opacity": 1,
    "fill": "#201e29",
    "stroke": "#000000",
    "stroke-width": 1.05,
    "filter": ""
  },
  "#frozen": {
    "opacity": 0.95,
    "fill": "#cdd4e7",
    "stroke": "#cfe0eb",
    "stroke-width": 0,
    "filter": null
  },
  "#lava": {
    "opacity": 0.7,
    "fill": "#90270d",
    "stroke": "#f93e0c",
    "stroke-width": 2,
    "filter": "url(#crumpled)"
  },
  "#dry": {
    "opacity": 0.62,
    "fill": "#2b2934",
    "stroke": "#000000",
    "stroke-width": 1.72,
    "filter": "url(#dropShadow)"
  },
  "#sea_island": {
    "opacity": 1,
    "stroke": "#000000",
    "stroke-width": 2.68,
    "filter": "url(#turbulence)",
    "auto-filter": 0
  },
  "#lake_island": {
    "opacity": 1,
    "stroke": "#7c8eaf",
    "stroke-width": 0.35,
    "filter": ""
  },
  "#terrain": {
    "opacity": 0.25,
    "set": "colored",
    "size": 1.6,
    "density": 0.3,
    "filter": "url(#dropShadow01)",
    "mask": ""
  },
  "#rivers": {
    "opacity": null,
    "filter": "url(#dropShadow)",
    "fill": "#062d32"
  },
  "#ruler": {
    "opacity": 1,
    "filter": null
  },
  "#roads": {
    "opacity": 0.61,
    "stroke": "#4f2811",
    "stroke-width": 0.9,
    "stroke-dasharray": 0,
    "stroke-linecap": "butt",
    "filter": "url(#pencil)",
    "mask": "url(#land)"
  },
  "#trails": {
    "opacity": 0.62,
    "stroke": "#87431c",
    "stroke-width": 0.67,
    "stroke-dasharray": 2,
    "stroke-linecap": "inherit",
    "filter": "url(#pencil)",
    "mask": null
  },
  "#searoutes": {
    "opacity": 0.65,
    "stroke": "#000000",
    "stroke-width": 1.6,
    "stroke-dasharray": 5,
    "stroke-linecap": "inherit",
    "filter": "url(#pencil)",
    "mask": "url(#water)"
  },
  "#regions": {
    "opacity": 0.25,
    "filter": "url(#dropShadow05)"
  },
  "#statesHalo": {
    "opacity": 0,
    "data-width": 0,
    "stroke-width": 0
  },
  "#provs": {
    "opacity": 1,
    "fill": null,
    "font-size": 10,
    "data-font": null,
    "font-family": null,
    "filter": "url(#dropShadow)"
  },
  "#temperature": {
    "opacity": null,
    "font-size": "15px",
    "fill": "#000000",
    "fill-opacity": 0.5,
    "stroke": null,
    "stroke-width": 1.8,
    "stroke-dasharray": null,
    "stroke-linecap": null,
    "filter": null
  },
  "#ice": {
    "opacity": null,
    "fill": "#e8f0f6",
    "stroke": "#e8f0f6",
    "stroke-width": 1,
    "filter": "url(#dropShadow05)"
  },
  "#emblems": {
    "opacity": null,
    "stroke-width": null,
    "filter": ""
  },
  "#texture": {
    "opacity": 0.42,
    "filter": "",
    "mask": "url(#water)"
  },
  "#textureImage": {
    "x": 0,
    "y": 0
  },
  "#zones": {
    "opacity": 0.6,
    "stroke": "#333333",
    "stroke-width": 0,
    "stroke-dasharray": null,
    "stroke-linecap": "butt",
    "filter": null,
    "mask": null
  },
  "#oceanLayers": {
    "filter": "",
    "layers": "none"
  },
  "#oceanBase": {
    "fill": "#3d3a4b"
  },
  "#oceanicPattern": {
    "href": "./images/pattern4.png",
    "opacity": 1
  },
  "#terrs": {
    "opacity": 0.95,
    "scheme": "monochrome",
    "terracing": 20,
    "skip": 1,
    "relax": 1,
    "curve": 0,
    "filter": "url(#turbulence)",
    "mask": "url(#land)"
  },
  "#legend": {
    "data-size": 11.7,
    "font-size": 11.7,
    "data-font": "MedievalSharp",
    "font-family": "MedievalSharp",
    "stroke": "#812929",
    "stroke-width": 2.67,
    "stroke-dasharray": "0 4 10 4",
    "stroke-linecap": "square",
    "data-x": 14.26,
    "data-y": 99.37,
    "data-columns": null
  },
  "#legendBox": {},
  "#burgLabels > #cities": {
    "opacity": 1,
    "fill": "#542c72",
    "data-size": 4.63,
    "font-size": 4.63,
    "data-font": "Fredericka+the+Great",
    "font-family": "Fredericka the Great"
  },
  "#burgIcons > #cities": {
    "opacity": 0.77,
    "fill": "#ffffff",
    "fill-opacity": 0.7,
    "size": 2.71,
    "stroke": "#000000",
    "stroke-width": 1.14,
    "stroke-dasharray": "",
    "stroke-linecap": "round"
  },
  "#anchors > #cities": {
    "opacity": 1,
    "fill": "#ffffff",
    "size": 5.42,
    "stroke": "#000000",
    "stroke-width": 1.46
  },
  "#burgLabels > #towns": {
    "opacity": 1,
    "fill": "#000000",
    "data-size": 3.42,
    "font-size": 3.42,
    "data-font": "IM+Fell+English",
    "font-family": "IM Fell English"
  },
  "#burgIcons > #towns": {
    "opacity": 0.6,
    "fill": "#ffffff",
    "fill-opacity": 0.7,
    "size": 1.53,
    "stroke": "#000000",
    "stroke-width": 0.96,
    "stroke-dasharray": "",
    "stroke-linecap": "butt"
  },
  "#anchors > #towns": {
    "opacity": 1,
    "fill": "#ffffff",
    "size": 2.67,
    "stroke": "#000000",
    "stroke-width": 1.53
  },
  "#labels > #states": {
    "opacity": 1,
    "fill": "#4b4b5a",
    "stroke": "#000000",
    "stroke-width": 0.3,
    "data-size": 7.48,
    "font-size": 7.48,
    "data-font": "Cinzel",
    "font-family": "Cinzel",
    "filter": "url(#dropShadow)"
  },
  "#labels > #addedLabels": {
    "opacity": 1,
    "fill": "#3e3e4b",
    "stroke": "#3a3a3a",
    "stroke-width": 0,
    "data-size": 18,
    "font-size": 18,
    "data-font": "Almendra+SC",
    "font-family": "Almendra SC",
    "filter": null
  },
  "#fogging": {
    "opacity": 0.85,
    "fill": "#000000",
    "filter": ""
  }
}